File,orgId,orgTypeId,Registration Date,Company Name Line 1,Company Name Line 2,Company Name Line 3,Company Name Line 4,Name Effective Date,Company Status,Status Effective Date,Type of Business,Registering Jurisdiction,Extra-Provincial Flag,Home Jurisdiction,Address Type,Suite Number,Street Number,Street Name,Additional Info,Municipality,Province,Country,Postal code
1,1217,1,18880319,THE BROOK WOOLLEN COMPANY                 ,OF SIMCOE LIMITED                         ,                                          ,                                          ,18880319,F,19920627,A ,ON,N,ONTARIO                                 ,REGISTERED/HEAD OFFICE ADDRESS,          ,        ,                             ,                                          ,                              ,  ,  ,          
2,1253,1,19050722,THE BURNS COMPANY LIMITED                 ,                                          ,                                          ,                                          ,19050722,D,19920627,A ,ON,N,ONTARIO                                 ,REGISTERED/HEAD OFFICE ADDRESS,          ,        ,                             ,                                          ,                              ,  ,  ,          
3,1257,1,19060119,THE BEACHES BUILDING COMPANY LIMITED      ,                                          ,                                          ,                                          ,19060119,B,20060325,A ,ON,N,ONTARIO                                 ,REGISTERED/HEAD OFFICE ADDRESS,          ,63,PANDORA CIR.                 ,                                          ,SCARBOROUGH                   ,ON,CA,M1H 1V6   
4,1438,1,19010201,SLEEPMASTER LIMITED                       ,                                          ,                                          ,                                          ,19401228,B,20060401,A ,ON,N,ONTARIO                                 ,REGISTERED/HEAD OFFICE ADDRESS,          ,107,SLATER CRES                  ,                                          ,AJAX                          ,ON,CA,L1S 3J2   
5,1441,1,18941121,THE COLBORNE ATHLETIC AND DRIVING         ,PARK ASSOCIATION LIMITED                  ,                                          ,                                          ,18941121,0,19950301,A ,ON,N,ONTARIO                                 ,REGISTERED/HEAD OFFICE ADDRESS,          ,4837,ALBION ROAD                  ,                                          ,GLOUCESTER                    ,ON,CA,K1X 1A3   
6,549205,1,19830502,MARKETCOM INC.                            ,                                          ,                                          ,                                          ,19830502,C,19941224,A ,ON,N,ONTARIO                                 ,REGISTERED/HEAD OFFICE ADDRESS,200,100,LOMBARD ST.                  ,                                          ,TORONTO                       ,ON,CA,M5C 1M3   
7,549206,1,19830502,QUAKER DOWNS INC.                         ,                                          ,                                          ,                                          ,19830502,B,19920627,A ,ON,N,ONTARIO                                 ,REGISTERED/HEAD OFFICE ADDRESS,          ,        ,                             ,                                          ,                              ,  ,  ,          
8,549208,1,19830502,HARRISONJAY CORP.                         ,                                          ,                                          ,                                          ,20110316,0,20151007,A ,ON,N,ONTARIO                                 ,REGISTERED/HEAD OFFICE ADDRESS,          ,23,SPICER SQUARE                ,                                          ,BOWMANVILLE                   ,ON,CA,L1C 5M2   
9,549209,1,19830502,PROCOMM SYSTEMS INC.                      ,                                          ,                                          ,                                          ,19830502,B,19920627,A ,ON,N,ONTARIO                                 ,REGISTERED/HEAD OFFICE ADDRESS,          ,        ,                             ,                                          ,                              ,  ,  ,          
10,549210,1,19830502,549210 ONTARIO INC.                       ,                                          ,                                          ,                                          ,19830502,B,20060401,A ,ON,N,ONTARIO                                 ,REGISTERED/HEAD OFFICE ADDRESS,500,4950,YONGE ST                     ,                                          ,NORTH YORK                    ,ON,CA,M2N 6K1   
11,13158,1,19150429,CERAMICS AND STONE ACCIDENT PREVENTION    ,ASSOCIATION                               ,                                          ,                                          ,19500830,F,19940101,B ,ON,N,ONTARIO                                 ,REGISTERED/HEAD OFFICE ADDRESS,2800,250,YONGE ST                     ,                                          ,TORONTO                       ,ON,CA,M5B 2N4   
12,13177,1,19150521,MEMBER'S CREDIT BUREAU                    ,                                          ,                                          ,                                          ,19940812,0,19940812,B ,ON,N,ONTARIO                                 ,REGISTERED/HEAD OFFICE ADDRESS,1103,2,LANSING SQUARE               ,                                          ,WILLOWDALE                    ,ON,CA,M2J 4P8   
13,13190,1,19150527,THE BORDER MASONIC TEMPLE ASSOCIATION     ,                                          ,                                          ,                                          ,19830114,0,20001214,B ,ON,N,ONTARIO                                 ,REGISTERED/HEAD OFFICE ADDRESS,          ,986,OUELLETTE AVENUE             ,                                          ,WINDSOR                       ,ON,CA,N9A 1C6   
14,13215,1,19150616,THE ANNAN HALL CLUB                       ,                                          ,                                          ,                                          ,19150616,D,19920627,B ,ON,N,ONTARIO                                 ,REGISTERED/HEAD OFFICE ADDRESS,          ,        ,                             ,                                          ,                              ,  ,  ,          
15,13439,1,19151129,LES SERVITES DE MARIE D'OTTAWA            ,                                          ,                                          ,                                          ,19151129,0,20020305,B ,ON,N,ONTARIO                                 ,REGISTERED/HEAD OFFICE ADDRESS,          ,427,BOOTH                        ,                                          ,OTTAWA                        ,ON,CA,K1R 7K8   
16,545945,1,19830510,SUDBURY FOLK ARTS MULTICULTURAL COUNCIL   ,                                          ,                                          ,                                          ,19830510,D,19920627,B ,ON,N,ONTARIO                                 ,REGISTERED/HEAD OFFICE ADDRESS,          ,        ,                             ,                                          ,                              ,  ,  ,          
17,545946,1,19830509,GEORGINA COMMUNITY RESOURCE CENTRE INC.   ,                                          ,                                          ,                                          ,19830509,0,19960110,B ,ON,N,ONTARIO                                 ,REGISTERED/HEAD OFFICE ADDRESS,          ,213,THE QUEENSWAY SOUTH          ,UNIT 2                                    ,KESWICK                       ,ON,CA,L4P 2A3   
18,545947,1,19830505,IINKAI FOR JAPANESE LANGUAGE STUDIES      ,INCORPORATED                              ,                                          ,                                          ,19830505,0,20000806,B ,ON,N,ONTARIO                                 ,REGISTERED/HEAD OFFICE ADDRESS,          ,12,LANEWOOD CRES.               ,                                          ,SCARBOROUGH                   ,ON,CA,M1W 1X1   
19,545948,1,19830615,SEA*SOUTH END BUSINESS ASSOCIATION OF     ,FORT ERIE                                 ,                                          ,                                          ,19830615,C,19920627,B ,ON,N,ONTARIO                                 ,REGISTERED/HEAD OFFICE ADDRESS,          ,        ,                             ,                                          ,                              ,  ,  ,          
20,545949,1,19830603,"FORT ERIE JAYCETTES, INC.                 ",                                          ,                                          ,                                          ,19830603,C,19950121,B ,ON,N,ONTARIO                                 ,REGISTERED/HEAD OFFICE ADDRESS,          ,27,JARVIS ST.                   ,UPPER                                     ,FORT ERIE                     ,ON,CA,L2A 5M6   
21,143262,1,19650927,PROVINCIAL CIVIL SERVANTS (SUDBURY) CREDIT,UNION LIMITED                             ,                                          ,                                          ,19650927,W,19980806,C ,ON,N,ONTARIO                                 ,REGISTERED/HEAD OFFICE ADDRESS,          ,1456,REGENT ST S.                 ,                                          ,SUDBURY                       ,ON,CA,P3E 3Z6   
22,143695,1,19651013,FLEXONICS EMPLOYEES' (BRAMPTON) CREDIT    ,UNION LIMITED                             ,                                          ,                                          ,19651013,D,19920627,C ,ON,N,ONTARIO                                 ,REGISTERED/HEAD OFFICE ADDRESS,          ,        ,                             ,                                          ,                              ,  ,  ,          
23,143696,1,19651006,HENCO EMPLOYEES' (BURLINGTON) CREDIT UNION,LIMITED                                   ,                                          ,                                          ,19651006,W,19980806,C ,ON,N,ONTARIO                                 ,REGISTERED/HEAD OFFICE ADDRESS,          ,57,BALMORAL NORTH               ,                                          ,HAMILTON                      ,ON,CA,L8L 7R5   
24,143793,1,19651007,WEBB CANADA EMPLOYEES' (HAMILTON) CREDIT  ,UNION LIMITED                             ,                                          ,                                          ,19651007,X,19920627,C ,ON,N,ONTARIO                                 ,REGISTERED/HEAD OFFICE ADDRESS,          ,        ,                             ,                                          ,                              ,  ,  ,          
25,143969,1,19651027,SILVER STAR EMPLOYEES' (TORONTO) CREDIT   ,UNION LIMITED                             ,                                          ,                                          ,19651027,W,19960612,C ,ON,N,ONTARIO                                 ,REGISTERED/HEAD OFFICE ADDRESS,          ,849,EGLINTON AVE. E.             ,                                          ,TORONTO                       ,ON,CA,M4G 2L5   
26,522178,1,19850201,WINDSOR FAMILY CREDIT UNION LIMITED       ,                                          ,                                          ,                                          ,19850201,0,20170817,C ,ON,N,ONTARIO                                 ,REGISTERED/HEAD OFFICE ADDRESS,          ,3000,MARENTETTE AVENUE            ,                                          ,WINDSOR                       ,ON,CA,N8X 4G2   
27,522508,1,19890701,PARISH AND PLOW (BRANTFORD) CREDIT UNION  ,LIMITED                                   ,                                          ,                                          ,19890701,W,20040920,C ,ON,N,ONTARIO                                 ,REGISTERED/HEAD OFFICE ADDRESS,          ,71,MOHAWK STREET                ,                                          ,BRANTFORD                     ,ON,CA,N3S 2W5   
28,522539,1,19891101,SOUTHWEST REGIONAL CREDIT UNION LTD.      ,                                          ,                                          ,                                          ,19960110,0,19960110,C ,ON,N,ONTARIO                                 ,REGISTERED/HEAD OFFICE ADDRESS,          ,1205,                             ,EXMOUTH STREET                            ,SARNIA                        ,ON,CA,N7S 1W7   
29,522742,1,19920214,L'OFFICE DE STABILISATION DES CAISSES     ,POPULAIRES DE L'ONTARIO INC.              ,                                          ,                                          ,19920214,W,20000202,C ,ON,N,ONTARIO                                 ,REGISTERED/HEAD OFFICE ADDRESS,          ,1870,RUE BOND                     ,                                          ,NORTH BAY                     ,ON,CA,P1B 4V6   
30,522790,1,19920702,CAISSE POPULAIRE DE CORNWALL INC.         ,                                          ,                                          ,                                          ,19920702,0,20000202,C ,ON,N,ONTARIO                                 ,REGISTERED/HEAD OFFICE ADDRESS,100,840,RUE PITT                     ,                                          ,CORNWALL                      ,ON,CA,K6J 3S2   
31,75032,1,19541122,WIERZBNIKER SOCIETY                       ,                                          ,                                          ,                                          ,20040723,0,20050802,D ,ON,N,ONTARIO                                 ,REGISTERED/HEAD OFFICE ADDRESS,          ,55,CASTLEFIELD AV               ,                                          ,TORONTO                       ,ON,CA,M4R 1G5   
32,76687,1,18780202,CANADIAN MILLERS' MUTUAL INSURANCE COMPANY,                                          ,                                          ,                                          ,19940726,0,20010223,D ,ON,N,ONTARIO                                 ,REGISTERED/HEAD OFFICE ADDRESS,4600,333,BAY STREET                   ,                                          ,TORONTO                       ,ON,CA,M5H 2S5   
33,78388,1,19550812,GERLING CANADA INSURANCE COMPANY          ,                                          ,                                          ,                                          ,19980818,F,20020101,D ,ON,N,ONTARIO                                 ,REGISTERED/HEAD OFFICE ADDRESS,          ,480,UNISVERSITY AVENUE           ,                                          ,TORONTO                       ,ON,CA,M5G 1V6   
34,79087,1,19550930,YORK FIRE & CASUALTY COMPANY              ,                                          ,                                          ,                                          ,19550930,F,19920627,D ,ON,N,ONTARIO                                 ,REGISTERED/HEAD OFFICE ADDRESS,          ,        ,                             ,                                          ,                              ,  ,  ,          
35,80072,1,19551214,ABSTAINERS INSURANCE COMPANY              ,                                          ,                                          ,                                          ,19551214,F,19920627,D ,ON,N,ONTARIO                                 ,REGISTERED/HEAD OFFICE ADDRESS,          ,16,VALENTINE DR.                ,                                          ,DON MILLS                     ,ON,CA,M3A 3J6   
36,360998,1,19770331,THE ROYAL TRUST COMPANY (ONTARIO)         ,COMPAGNIE TRUST ROYAL (ONTARIO)           ,                                          ,                                          ,19770331,F,19920627,D ,ON,N,ONTARIO                                 ,REGISTERED/HEAD OFFICE ADDRESS,          ,        ,                             ,                                          ,                              ,  ,  ,          
37,371522,1,19771123,MAPLEX GENERAL INSURANCE COMPANY          ,                                          ,                                          ,                                          ,19771123,F,19920627,D ,ON,N,ONTARIO                                 ,REGISTERED/HEAD OFFICE ADDRESS,          ,16,VALENTINE DR                 ,                                          ,DON MILLS                     ,ON,CA,M3A 3J6   
38,373404,1,19771230,TRENT HEALTH INSURANCE COMPANY/COMPAGNIE  ,D'ASSURANCE TRENT SANTE                   ,                                          ,                                          ,20030709,V,20070927,D ,ON,N,ONTARIO                                 ,REGISTERED/HEAD OFFICE ADDRESS,1200,438,UNIVERSITY AVENUE            ,                                          ,TORONTO                       ,ON,CA,M5G 2K8   
39,378809,1,19770906,ROYAL TRUST CORPORATION OF CANADA         ,                                          ,                                          ,                                          ,19770906,F,19920627,D ,ON,N,ONTARIO                                 ,REGISTERED/HEAD OFFICE ADDRESS,          ,        ,                             ,                                          ,                              ,  ,  ,          
40,396754,1,18941226,BEAVER LODGE NO. 82 I. O. O. F.           ,                                          ,                                          ,                                          ,18941226,0,20010322,D ,ON,N,ONTARIO                                 ,REGISTERED/HEAD OFFICE ADDRESS,          ,1561,PRINCE STREET                ,BOX 443                                   ,RUTHVEN                       ,ON,CA,N0P 2G0   
41,19645,1,19210922,THE GANANOQUE GOLF AND                    ,"COUNTRY CLUB, LIMITED                     ",                                          ,                                          ,19210922,0,20171024,F ,ON,N,ONTARIO                                 ,REGISTERED/HEAD OFFICE ADDRESS,          ,211,GOLF CLUB LANE               ,                                          ,GANANOQUE                     ,ON,CA,K7G 2V5   
42,19773,1,19211021,THE GUELPH KNIGHTS OF COLUMBUS            ,"BUILDING ASSOCIATION, LIMITED             ",                                          ,                                          ,19211021,0,19990616,F ,ON,N,ONTARIO                                 ,REGISTERED/HEAD OFFICE ADDRESS,          ,20,WESTMOUNT RD                 ,                                          ,GUELPH                        ,ON,CA,N1H 5H2   
43,19814,1,19211005,"BRAMPTON GOLF CLUB, LIMITED               ",                                          ,                                          ,                                          ,19211005,0,20070206,F ,ON,N,ONTARIO                                 ,REGISTERED/HEAD OFFICE ADDRESS,          ,7700,KENNEDY ROAD                 ,                                          ,BRAMPTON                      ,ON,CA,L6W 0A1   
44,19874,1,19211128,THE YORK DOWNS GOLF AND COUNTRY           ,"CLUB, LIMITED                             ",                                          ,                                          ,19211128,0,20170407,F ,ON,N,ONTARIO                                 ,REGISTERED/HEAD OFFICE ADDRESS,          ,4134,16TH AVENUE                  ,                                          ,UNIONVILLE                    ,ON,CA,L3R 0P1   
45,19992,1,19220105,HIGHLAND COUNTRY CLUB LIMITED             ,                                          ,                                          ,                                          ,19590729,0,20020212,F ,ON,N,ONTARIO                                 ,REGISTERED/HEAD OFFICE ADDRESS,          ,1922,HIGHLAND HEIGHTS             ,                                          ,LONDON                        ,ON,CA,N6C 2T4   
46,137981,1,19641223,MICHIPICOTEN GOLF CLUB LIMITED            ,                                          ,                                          ,                                          ,19641223,0,20030528,F ,ON,N,ONTARIO                                 ,REGISTERED/HEAD OFFICE ADDRESS,          ,        ,BOX 1935                     ,                                          ,WAWA                          ,ON,CA,P0S 1K0   
47,139983,1,19650302,FOREST VALLEY SKI CLUB LIMITED            ,                                          ,                                          ,                                          ,19650302,C,19920627,F ,ON,N,ONTARIO                                 ,REGISTERED/HEAD OFFICE ADDRESS,          ,        ,                             ,                                          ,                              ,  ,  ,          
48,141202,1,18940501,THE MILTON WEST FISH AND GAME CLUB        ,(LIMITED)                                 ,                                          ,                                          ,18940501,0,20120426,F ,ON,N,ONTARIO                                 ,REGISTERED/HEAD OFFICE ADDRESS,          ,103,SENECA DRIVE                 ,                                          ,ANCASTER                      ,ON,CA,L9G 3B7   
49,143736,1,19651013,JOKER'S HILL COUNTRY CLUB LIMITED         ,                                          ,                                          ,                                          ,19651013,C,19920627,F ,ON,N,ONTARIO                                 ,REGISTERED/HEAD OFFICE ADDRESS,          ,        ,                             ,                                          ,                              ,  ,  ,          
50,200054,1,19670329,THE HAMILTON HUNT COMPANY LIMITED         ,                                          ,                                          ,                                          ,19670329,0,20150417,F ,ON,N,ONTARIO                                 ,REGISTERED/HEAD OFFICE ADDRESS,22,7,BRANT ROAD                   ,                                          ,CALEDONIA                     ,ON,CA,N3W 2G9   
51,5241,1,19100920,THE ENGINEERS' CLUB OF TORONTO            ,                                          ,                                          ,                                          ,19100920,C,19950520,G ,ON,N,ONTARIO                                 ,REGISTERED/HEAD OFFICE ADDRESS,1405,25,ADELAIDE STREET EAST         ,                                          ,TORONTO                       ,ON,CA,M5C 1Y2   
52,5787,1,19051123,ST. MATTHEW'S LAWN BOWLING CLUB           ,                                          ,                                          ,                                          ,19051123,C,19920627,G ,ON,N,ONTARIO                                 ,REGISTERED/HEAD OFFICE ADDRESS,          ,        ,                             ,                                          ,                              ,  ,  ,          
53,6035,1,19090208,THE ONTARIO CLUB                          ,                                          ,                                          ,                                          ,19090208,D,20111125,G ,ON,N,ONTARIO                                 ,REGISTERED/HEAD OFFICE ADDRESS,          ,305,BAY STREET                   ,                                          ,TORONTO                       ,ON,CA,M5H 2R1   
54,6453,1,19050410,THE HAMILTON GUN CLUB                     ,                                          ,                                          ,                                          ,19050410,0,20030527,G ,ON,N,ONTARIO                                 ,REGISTERED/HEAD OFFICE ADDRESS,#20       ,559,HIGHWAY                      ,                                          ,STONEY CREEK                  ,ON,CA,L8J 3H7   
55,6594,1,19090513,THE CORNWALL CLUB                         ,                                          ,                                          ,                                          ,19090513,0,19990705,G ,ON,N,ONTARIO                                 ,REGISTERED/HEAD OFFICE ADDRESS,          ,42,SECOND STREET EAST           ,                                          ,CORNWALL                      ,ON,CA,K6H 1Y3   
56,511504,1,19820517,SUDBURY TAXATION CENTRE RECREATIONAL      ,STAFF ASSOCIATION                         ,                                          ,                                          ,19820517,0,19950712,G ,ON,N,ONTARIO                                 ,REGISTERED/HEAD OFFICE ADDRESS,          ,1050,NOTRE DAME AVENUE            ,                                          ,SUDBURY                       ,ON,CA,P3A 5C1   
57,511626,1,19820531,KENOGAMISIS FISH & GAME CONSERVATION      ,                                          ,                                          ,                                          ,20111129,0,20120517,G ,ON,N,ONTARIO                                 ,REGISTERED/HEAD OFFICE ADDRESS,          ,        ,8392-8398 HIGHWAY 11         ,                                          ,GERALDTON                     ,ON,CA,P0T 1M0   
58,513028,1,19820531,STRATHROY AZOREANO CLUB                   ,                                          ,                                          ,                                          ,19820531,C,19950107,G ,ON,N,ONTARIO                                 ,REGISTERED/HEAD OFFICE ADDRESS,          ,71,FRONT ST. W.                 ,                                          ,STRATHROY                     ,ON,CA,N7G 1X6   
59,513030,1,19820531,"BELFOUNTAIN COMMUNITY TENNIS ASSOCIATION, ",INC.                                      ,                                          ,                                          ,19820531,0,19991118,G ,ON,N,ONTARIO                                 ,REGISTERED/HEAD OFFICE ADDRESS,          ,6,MAPLE CRES.                  ,                                          ,HILLSBURGH                    ,ON,CA,N0B 1Z0   
60,513152,1,19820804,"CLUB D'AGE D'OR ""50"" HAWKESBURY INC.      ",                                          ,                                          ,                                          ,19820804,0,20180112,G ,ON,N,ONTARIO                                 ,REGISTERED/HEAD OFFICE ADDRESS,          ,421,CARTIER                      ,                                          ,HAWKESBURY                    ,ON,CA,K6A 1V9   
61,46625,1,19400806,SIMCOE DISTRICT CO-OPERATIVE SERVICES     ,                                          ,                                          ,                                          ,19400806,F,19980927,H ,ON,N,ONTARIO                                 ,REGISTERED/HEAD OFFICE ADDRESS,          ,259,INNISFIL STREET              ,                                          ,BARRIE                        ,ON,CA,L4N 3G2   
62,47016,1,19410219,PRINCE EDWARD POULTRY PRODUCTS            ,CO-OPERATIVE                              ,                                          ,                                          ,19410219,C,19920627,H ,ON,N,ONTARIO                                 ,REGISTERED/HEAD OFFICE ADDRESS,          ,        ,                             ,                                          ,                              ,  ,  ,          
63,47171,1,19410517,SCIENCE '44 CO-OPERATIVE INCORPORATED     ,                                          ,                                          ,                                          ,19410517,0,20160516,H ,ON,N,ONTARIO                                 ,REGISTERED/HEAD OFFICE ADDRESS,          ,397,BROCK STREET                 ,                                          ,KINGSTON                      ,ON,CA,K7M 5X5   
64,47289,1,19410711,PERTH DISTRICT CO-OPERATIVE SERVICES      ,                                          ,                                          ,                                          ,19410711,H,19951128,H ,ON,N,ONTARIO                                 ,REGISTERED/HEAD OFFICE ADDRESS,          ,31,FOSTER STREET                ,P O BOX 308                               ,PERTH                         ,ON,CA,K7H 3E4   
65,47416,1,19410922,THE PENETANG CONSUMERS' CO-OPERATIVE      ,ASSOCIATION                               ,                                          ,                                          ,19410922,D,19920627,H ,ON,N,ONTARIO                                 ,REGISTERED/HEAD OFFICE ADDRESS,          ,        ,                             ,                                          ,                              ,  ,  ,          
66,522976,1,19940620,CHARRUA HOUSING CO-OPERATIVE INC.         ,                                          ,                                          ,                                          ,19940620,H,20010924,H ,ON,N,ONTARIO                                 ,REGISTERED/HEAD OFFICE ADDRESS,100,22,MOWAT AVE                    ,                                          ,TORONTO                       ,ON,CA,M6K 3E8   
67,522980,1,19940622,HOUSING TOO CO-OPERATIVE INC.             ,                                          ,                                          ,                                          ,19940622,0,19940622,H ,ON,N,ONTARIO                                 ,REGISTERED/HEAD OFFICE ADDRESS,          ,212,JOHN STREET                  ,                                          ,BELLEVILLE                    ,ON,CA,K8N 3G1   
68,522983,1,19940706,OGDOADE NON-PROFIT HOUSING CO-OPERATIVE   ,INC.                                      ,                                          ,                                          ,19940706,0,19941101,H ,ON,N,ONTARIO                                 ,REGISTERED/HEAD OFFICE ADDRESS,2600,160,ELGIN STREET                 ,                                          ,OTTAWA                        ,ON,CA,K1P 1C3   
69,522985,1,19940708,BROADVIEW HOUSING CO-OPERATIVE INC.       ,                                          ,                                          ,                                          ,19940708,0,20160512,H ,ON,N,ONTARIO                                 ,REGISTERED/HEAD OFFICE ADDRESS,OFFICE    ,1050,BROADVIEW AVENUE             ,                                          ,TORONTO                       ,ON,CA,M4K 2S3   
70,522988,1,19940726,QUEENS BUSH FEEDER FINANCE CO-OPERATIVE   ,INC.                                      ,                                          ,                                          ,19940726,0,19940726,H ,ON,N,ONTARIO                                 ,REGISTERED/HEAD OFFICE ADDRESS,          ,201,DURHAM ST E                  ,                                          ,WALKERTON                     ,ON,CA,N0G 2V0   
71,18881,1,19210312,THE NORTHERN FARMERS' CO-OPERATIVE        ,"COMPANY, LIMITED                          ",                                          ,                                          ,19210312,C,19920627,J ,ON,N,ONTARIO                                 ,REGISTERED/HEAD OFFICE ADDRESS,          ,        ,                             ,                                          ,                              ,  ,  ,          
72,19307,1,19210617,"THORNDALE CO-OPERATIVE DAIRY COMPANY,     ",LIMITED                                   ,                                          ,                                          ,19210617,C,19920627,J ,ON,N,ONTARIO                                 ,REGISTERED/HEAD OFFICE ADDRESS,          ,        ,                             ,                                          ,                              ,  ,  ,          
73,19460,1,19210805,THE OXFORD FARMERS' CO-OPERATIVE PRODUCE  ,"COMPANY, LIMITED                          ",                                          ,                                          ,19210805,C,19920627,J ,ON,N,ONTARIO                                 ,REGISTERED/HEAD OFFICE ADDRESS,          ,        ,                             ,                                          ,                              ,  ,  ,          
74,21844,1,19230202,THE ONTARIO HONEY PRODUCERS               ,"CO-OPERATIVE, LIMITED                     ",                                          ,                                          ,19230202,H,19920627,J ,ON,N,ONTARIO                                 ,REGISTERED/HEAD OFFICE ADDRESS,          ,        ,                             ,                                          ,                              ,  ,  ,          
75,26125,1,19260511,"CLARKSON-DIXIE FRUIT GROWERS CO-OPERATIVE,",LIMITED                                   ,                                          ,                                          ,19330310,0,20040712,J ,ON,N,ONTARIO                                 ,REGISTERED/HEAD OFFICE ADDRESS,          ,230,LAKESHORE RD E               ,                                          ,MISSISSAUGA                   ,ON,CA,L5G 1G6   
76,522987,1,19940720,RAINY RIVER FEEDER FINANCE CO-OPERATIVE   ,LIMITED                                   ,                                          ,                                          ,19940720,0,20110607,J ,ON,N,ONTARIO                                 ,REGISTERED/HEAD OFFICE ADDRESS,          ,5967,HWY 11/71                    ,                                          ,EMO                           ,ON,CA,P0W 1E0   
77,522990,1,19940805,SUPER SPORT SMALL ENGINES CO-OPERATIVE    ,INC.                                      ,                                          ,                                          ,19940805,H,20041202,J ,ON,N,ONTARIO                                 ,REGISTERED/HEAD OFFICE ADDRESS,          ,2358,MORGAN ROAD                  ,MOD 2 COMP 1                              ,CHELMSFORD                    ,ON,CA,P0M 1L0   
78,522995,1,19940818,ENERVATE CO-OPERATIVE INC.                ,                                          ,                                          ,                                          ,19940818,0,19940818,J ,ON,N,ONTARIO                                 ,REGISTERED/HEAD OFFICE ADDRESS,          ,1579,ALWIN CIRCLE                 ,                                          ,PICKERING                     ,ON,CA,L1V 2W1   
79,522996,1,19940818,ONSITE CO-OPERATIVE INC.                  ,                                          ,                                          ,                                          ,19940818,0,19940818,J ,ON,N,ONTARIO                                 ,REGISTERED/HEAD OFFICE ADDRESS,          ,50,BENLAMOND AVENUE             ,                                          ,TORONTO                       ,ON,CA,M4E 1Y9   
80,522997,1,19940818,NKOU ESSENTIALS CO-OPERATIVE INC.         ,                                          ,                                          ,                                          ,19940818,0,19940818,J ,ON,N,ONTARIO                                 ,REGISTERED/HEAD OFFICE ADDRESS,          ,51,BARTON STREET                ,                                          ,TORONTO                       ,ON,CA,M6J 1P4   
81,9105,1,19111030,ROBESON PRESERVO COMPANY                  ,                                          ,                                          ,                                          ,19190526,C,19920627,K ,ON,Y,MICHIGAN                                ,REGISTERED/HEAD OFFICE ADDRESS,          ,        ,                             ,                                          ,                              ,  ,  ,          
82,9172,1,19110830,"WELCH, MARGETSON AND COMPANY, LIMITED     ",                                          ,                                          ,                                          ,19110830,X,19920627,K ,ON,Y,GT BRITAIN                              ,REGISTERED/HEAD OFFICE ADDRESS,          ,        ,                             ,                                          ,                              ,  ,  ,          
83,10157,1,18970226,JOHN W. DANFORTH COMPANY                  ,                                          ,                                          ,                                          ,18970226,K,20000328,K ,ON,Y,NEW YORK                                ,REGISTERED/HEAD OFFICE ADDRESS,          ,1800,LIBERTY BANK BUILDING        ,                                          ,BUFFALO                       ,NY,US,14202
84,10222,1,18640413,MORGAN GUARANTY TRUST COMPANY OF NEW YORK ,                                          ,                                          ,                                          ,18640413,0,19940728,K ,ON,Y,NEW YORK                                ,REGISTERED/HEAD OFFICE ADDRESS,          ,        ,ROYAL BANK PLAZA             ,P.O. BOX 80                               ,TORONTO                       ,ON,CA,M5J 2J2   
85,10418,1,19120729,GRINNELL BROTHERS                         ,                                          ,                                          ,                                          ,19120729,E,19920627,K ,ON,Y,MICHIGAN                                ,REGISTERED/HEAD OFFICE ADDRESS,          ,        ,                             ,                                          ,                              ,  ,  ,          
86,546668,1,19830408,KOSAN INVESTMENTS INC.                    ,                                          ,                                          ,                                          ,19830408,G,19920627,K ,ON,Y,WYOMING                                 ,REGISTERED/HEAD OFFICE ADDRESS,          ,        ,                             ,                                          ,                              ,  ,  ,          
87,546701,1,19830408,DOUGLAS HOLDINGS INC.                     ,                                          ,                                          ,                                          ,19830502,E,19920627,K ,ON,Y,WYOMING                                 ,REGISTERED/HEAD OFFICE ADDRESS,          ,        ,                             ,                                          ,                              ,  ,  ,          
88,546702,1,19830408,LARAMIE HOLDINGS LTD.                     ,                                          ,                                          ,                                          ,19830503,G,19920627,K ,ON,Y,WYOMING                                 ,REGISTERED/HEAD OFFICE ADDRESS,          ,        ,                             ,                                          ,                              ,  ,  ,          
89,546703,1,19830408,WHEATLAND HOLDINGS LTD.                   ,                                          ,                                          ,                                          ,19830503,G,19920627,K ,ON,Y,WYOMING                                 ,REGISTERED/HEAD OFFICE ADDRESS,          ,        ,                             ,                                          ,                              ,  ,  ,          
90,546705,1,19830408,GILLETTE HOLDINGS LTD.                    ,                                          ,                                          ,                                          ,19830503,G,19920627,K ,ON,Y,WYOMING                                 ,REGISTERED/HEAD OFFICE ADDRESS,          ,        ,                             ,                                          ,                              ,  ,  ,          
91,135780,1,19641022,THE MUNICIPAL SAVINGS & LOAN CORPORATION  ,                                          ,                                          ,                                          ,19710202,V,20030917,P ,ON,N,ONTARIO                                 ,REGISTERED/HEAD OFFICE ADDRESS,          ,70,COLLIER STREET               ,P.O. BOX 147                              ,BARRIE                        ,ON,CA,L4M 4S9   
92,136214,1,19641001,LANDMARK SAVINGS AND LOAN ASSOCIATION     ,                                          ,                                          ,                                          ,19641001,D,19940523,P ,ON,N,ONTARIO                                 ,REGISTERED/HEAD OFFICE ADDRESS,900,1235,BAY STREET                   ,                                          ,TORONTO                       ,ON,CA,M5R 3K4   
93,339410,1,19760526,FAMILY TRUST CORPORATION                  ,                                          ,                                          ,                                          ,19760526,V,20030917,P ,ON,N,ONTARIO                                 ,REGISTERED/HEAD OFFICE ADDRESS,          ,4,MAIN STREET NORTH            ,                                          ,MARKHAM                       ,ON,CA,L3P 1X2   
94,349733,1,19761222,SHOPPERS TRUST COMPANY                    ,                                          ,                                          ,                                          ,19900612,V,20100209,P ,ON,N,ONTARIO                                 ,REGISTERED/HEAD OFFICE ADDRESS,1050,4,KING STREET WEST             ,                                          ,TORONTO                       ,ON,CA,M5H 1B6   
95,354264,1,19770316,SECURITY TRUST COMPANY                    ,                                          ,                                          ,                                          ,19770316,F,19931008,P ,ON,N,ONTARIO                                 ,REGISTERED/HEAD OFFICE ADDRESS,          ,        ,                             ,                                          ,                              ,  ,  ,          
96,360057,1,19770529,HURONIA TRUST COMPANY                     ,                                          ,                                          ,                                          ,19770529,F,19930927,P ,ON,N,ONTARIO                                 ,REGISTERED/HEAD OFFICE ADDRESS,          ,        ,                             ,                                          ,                              ,  ,  ,          
97,367212,1,19770914,MONARCH TRUST COMPANY                     ,                                          ,                                          ,                                          ,19770914,V,20040405,P ,ON,N,ONTARIO                                 ,REGISTERED/HEAD OFFICE ADDRESS,          ,21,ST. CLAIR AVENUE EAST        ,                                          ,TORONTO                       ,ON,CA,M4T 1L9   
98,380963,1,19780315,THE EFFORT TRUST COMPANY                  ,                                          ,                                          ,                                          ,19780315,0,20170823,P ,ON,N,ONTARIO                                 ,REGISTERED/HEAD OFFICE ADDRESS,          ,242,MAIN STREET EAST             ,                                          ,HAMILTON                      ,ON,CA,L8N 1H5   
99,391495,1,19780628,THE MUNICIPAL TRUST COMPANY               ,                                          ,                                          ,                                          ,19780628,V,20030917,P ,ON,N,ONTARIO                                 ,REGISTERED/HEAD OFFICE ADDRESS,          ,70,COLLIER STREET               ,P.O. BOX 147                              ,BARRIE                        ,ON,CA,L4M 4S9   
100,404099,1,19781206,CABOT TRUST COMPANY                       ,                                          ,                                          ,                                          ,19781206,F,19930927,P ,ON,N,ONTARIO                                 ,REGISTERED/HEAD OFFICE ADDRESS,          ,        ,                             ,                                          ,                              ,  ,  ,          
101,696,1,19070511,"CANADIAN LINOTYPE, LIMITED                ",                                          ,                                          ,                                          ,19091112,C,19920627,R ,ON,Y,CANADA                                  ,REGISTERED/HEAD OFFICE ADDRESS,          ,        ,                             ,                                          ,                              ,  ,  ,          
102,769,1,19070723,RBW GRAPHICS INC.                         ,                                          ,                                          ,                                          ,19811223,F,19920627,R ,ON,Y,CANADA                                  ,REGISTERED/HEAD OFFICE ADDRESS,          ,        ,                             ,                                          ,                              ,  ,  ,          
103,1049,1,19050113,ANGLO-CANADIAN LEATHER COMPANY LIMITED    ,                                          ,                                          ,                                          ,19050113,X,19920627,R ,ON,Y,CANADA                                  ,REGISTERED/HEAD OFFICE ADDRESS,          ,        ,                             ,                                          ,                              ,  ,  ,          
104,1190,1,18930304,BROWNLINE INC.                            ,                                          ,                                          ,                                          ,19820115,0,19920627,R ,ON,Y,CANADA                                  ,REGISTERED/HEAD OFFICE ADDRESS,          ,25,WATERMAN AVE                 ,                                          ,TORONTO                       ,ON,CA,M4B 1Y6   
105,1191,1,18880522,THE BRONSON COMPANY                       ,                                          ,                                          ,                                          ,18880522,X,19920627,R ,ON,Y,CANADA                                  ,REGISTERED/HEAD OFFICE ADDRESS,          ,        ,                             ,                                          ,                              ,  ,  ,          
106,547535,1,19830422,547535 ONTARIO LIMITED                    ,                                          ,                                          ,                                          ,19830422,F,19950530,R ,ON,Y,CANADA                                  ,REGISTERED/HEAD OFFICE ADDRESS,          ,89,GERMORDA DRIVE               ,                                          ,OAKVILLE                      ,ON,CA,L6H 2P9   
107,548094,1,19831116,CONDIE NAPANEE LTD.                       ,                                          ,                                          ,                                          ,19900511,F,19960219,R ,ON,Y,CANADA                                  ,REGISTERED/HEAD OFFICE ADDRESS,          ,        ,LOT 22 CONCESSION 3          ,BOS 40 RICHMOND TOWNSHIP                  ,NAPANEE                       ,ON,CA,K7R 3L4   
108,548854,1,19860513,TRENT DRUGS (WHOLESALE) LTD.              ,                                          ,                                          ,                                          ,19860513,F,20040712,R ,ON,Y,CANADA                                  ,REGISTERED/HEAD OFFICE ADDRESS,          ,210,BINNINGTON COURT             ,                                          ,KINGSTON                      ,ON,CA,K7M 8R6   
109,548951,1,19860819,STREET LEVEL CLOTHING COMPANY LIMITED     ,                                          ,                                          ,                                          ,19860819,0,19931202,R ,ON,Y,CANADA                                  ,REGISTERED/HEAD OFFICE ADDRESS,9,850,BOUNDARY ROAD                ,P.O. BOX 459                              ,CORNWALL                      ,ON,CA,K6H 5T2   
110,549069,1,19830429,CANADIAN MICRO DISTRIBUTORS LTD.          ,                                          ,                                          ,                                          ,19830429,F,19920627,R ,ON,Y,CANADA                                  ,REGISTERED/HEAD OFFICE ADDRESS,          ,        ,                             ,                                          ,                              ,  ,  ,          
111,19568,1,19180501,THE NATIONAL COUNCIL OF YOUNG MEN'S       ,CHRISTIAN ASSOCIATIONS OF CANADA          ,                                          ,                                          ,19180501,0,19950814,S ,ON,Y,CANADA                                  ,REGISTERED/HEAD OFFICE ADDRESS,          ,2160,YONGE STREET                 ,                                          ,TORONTO                       ,ON,CA,M4S 2A9   
112,20348,1,19030813,THE MISSIONARY SOCIETY OF THE ANGLICAN    ,CHURCH OF CANADA                          ,                                          ,                                          ,19560322,0,19950222,S ,ON,Y,CANADA                                  ,REGISTERED/HEAD OFFICE ADDRESS,          ,600,JARVIS STREET                ,                                          ,TORONTO                       ,ON,CA,M4Y 2J6   
113,20640,1,19090519,THE CANADIAN RED CROSS SOCIETY            ,LA SOCIETE CANADIENNE DE LA CROIX-ROUGE   ,                                          ,                                          ,19090519,0,20010315,S ,ON,Y,CANADA                                  ,REGISTERED/HEAD OFFICE ADDRESS,300,170,METCALFE STREET              ,                                          ,OTTAWA                        ,ON,CA,K2P 2P2   
114,20966,1,19180328,THE NAVY LEAQUE OF CANADA                 ,LA LIGUE NAVALE DU CANADA                 ,                                          ,                                          ,19920627,0,19920627,S ,ON,Y,CANADA                                  ,REGISTERED/HEAD OFFICE ADDRESS,910,85,RANGE RD.                    ,                                          ,OTTAWA                        ,ON,CA,K1N 8J6   
115,21933,1,19220628,THE SISTERS OF SAINT MARY OF NAMUR        ,                                          ,                                          ,                                          ,19220628,0,19980223,S ,ON,Y,CANADA                                  ,REGISTERED/HEAD OFFICE ADDRESS,          ,55,RUE FAIRMONT                 ,                                          ,OTTAWA                        ,ON,CA,K1Y 1X4   
116,545219,1,19821216,ROTEL FOUNDATION INC.                     ,                                          ,                                          ,                                          ,19930304,0,19950302,S ,ON,Y,CANADA                                  ,REGISTERED/HEAD OFFICE ADDRESS,          ,411,SMYTH RD.                    ,                                          ,OTTAWA                        ,ON,CA,K1H 8M8   
117,545227,1,19821222,THE TAIT MCKENZIE ASSOCIATION             ,                                          ,                                          ,                                          ,19821222,X,19920627,S ,ON,Y,CANADA                                  ,REGISTERED/HEAD OFFICE ADDRESS,          ,        ,                             ,                                          ,                              ,  ,  ,          
118,545234,1,19821112,VANIER CUP-CANADA'S UNIVERSITY FOOTBALL   ,CHAMPIONSHIP                              ,                                          ,                                          ,19821112,0,19950227,S ,ON,Y,CANADA                                  ,REGISTERED/HEAD OFFICE ADDRESS,714,1600,JAMES NAISMITH               ,                                          ,GLOUCESTER                    ,ON,CA,K1B 5N4   
119,545421,1,19810720,FOCUS HUMANITARIAN ASSISTANCE CANADA/FOCUS,ASSISTANCE HUMANITAIRE CANADA             ,                                          ,                                          ,19960205,0,19960205,S ,ON,Y,CANADA                                  ,REGISTERED/HEAD OFFICE ADDRESS,786,789,DON MILLS ROAD               ,                                          ,DON MILLS                     ,ON,CA,M3C 3L6   
120,545564,1,19830117,ACADEMY FOR RESEARCH IN THE               ,CHIROPRACTIC SCIENCES                     ,                                          ,                                          ,19830117,0,19920627,S ,ON,Y,CANADA                                  ,REGISTERED/HEAD OFFICE ADDRESS,          ,35,WELLINGTON ST. N.            ,                                          ,WOODSTOCK                     ,ON,CA,N4S 6P4   
121,69543,1,19350520,CUNA MUTUAL INSURANCE SOCIETY             ,                                          ,                                          ,                                          ,19350520,0,19980720,T ,ON,Y,WISCONSIN                               ,REGISTERED/HEAD OFFICE ADDRESS,          ,151,NORTH SERVICE ROAD           ,P O BOX 5065                              ,BURLINGTON                    ,ON,CA,L7R 4C2   
122,209371,1,19641231,COREPOINTE INSURANCE COMPANY              ,                                          ,                                          ,                                          ,20130424,0,20130424,T ,ON,Y,MICHIGAN                                ,REGISTERED/HEAD OFFICE ADDRESS,2,1145,NICHOLSON ROAD               ,                                          ,NEWMARKET                     ,ON,CA,L3Y 9C3   
123,217567,1,19010406,UNIGARD SECURITY INSURANCE COMPANY        ,                                          ,                                          ,                                          ,19920627,0,19950907,T ,ON,Y,WASHINGTON                              ,REGISTERED/HEAD OFFICE ADDRESS,#1800     ,1215,FOURTH AVENUE                ,                                          ,SEATTLE                       ,WA,US,98161
124,218572,1,19480206,BALBOA INSURANCE COMPANY                  ,                                          ,                                          ,                                          ,19480206,0,19950322,T ,ON,Y,CALIFORNIA                              ,REGISTERED/HEAD OFFICE ADDRESS,          ,201,QUEENS AVENUE                ,                                          ,LONDON                        ,ON,CA,N6A 1J1   
125,230713,1,19230717,PACIFIC EMPLOYERS INSURANCE COMPANY       ,                                          ,                                          ,                                          ,19230717,0,19920922,T ,ON,Y,CALIFORNIA                              ,REGISTERED/HEAD OFFICE ADDRESS,          ,3700,WILSHIRE BOULEVARD           ,                                          ,LOS ANGELES                   ,  ,  ,90010
126,230714,1,19170315,"MUNICH REINSURANCE AMERICA, INC.          ",                                          ,                                          ,                                          ,20070507,0,20070507,T ,ON,Y,DELAWARE                                ,REGISTERED/HEAD OFFICE ADDRESS,L-100     ,32,LOOCKERMAN SQUARE            ,                                          ,DOVER                         ,DE,US,19901
127,309524,1,19440212,SOMPO JAPAN INSURANCE INC.                ,                                          ,                                          ,                                          ,20021211,F,20160218,T ,ON,Y,JAPAN                                   ,REGISTERED/HEAD OFFICE ADDRESS,          ,26-Jan,NISHI-SHINJUKU ITCHOME       ,                                          ,"SHINJUKU-KU, TOKYO            ",  ,JP,          
128,332051,1,19680806,BALBOA LIFE INSURANCE COMPANY             ,                                          ,                                          ,                                          ,19881202,0,19950222,T ,ON,Y,CALIFORNIA                              ,REGISTERED/HEAD OFFICE ADDRESS,          ,201,QUEENS AVENUE                ,                                          ,LONDON                        ,ON,CA,N6A 1J1   
129,406839,1,19300926,LIFE INVESTORS INSURANCE COMPANY OF       ,AMERICA                                   ,                                          ,                                          ,19300926,E,20081020,T ,ON,Y,IOWA                                    ,REGISTERED/HEAD OFFICE ADDRESS,          ,4333,EDGEWOOD ROAD N E            ,                                          ,CEDAR RAPIDS                  ,IO,US,52499
130,452456,1,19521029,TRANSATLANTIC REINSURANCE COMPANY         ,                                          ,                                          ,                                          ,19521029,0,19950302,T ,ON,Y,NEW YORK                                ,REGISTERED/HEAD OFFICE ADDRESS,1400,145,WELLINGTON STREET WEST       ,                                          ,TORONTO                       ,ON,CA,M5J 1H8   
131,53005,1,19111127,DELTA TAU DELTA FRATERNITY                ,                                          ,                                          ,                                          ,19111127,0,19930111,U ,ON,Y,NEW YORK                                ,REGISTERED/HEAD OFFICE ADDRESS,150,8250,HAVERSTICK ROAD              ,                                          ,INDIANAPOLIS                  ,  ,  ,46240
132,53184,1,19440529,KILLARNEY MOUNTAIN CLUB                   ,                                          ,                                          ,                                          ,19440529,0,20160315,U ,ON,Y,MICHIGAN                                ,REGISTERED/HEAD OFFICE ADDRESS,          ,3723,RIVERVIEW TERRACE NORTH      ,                                          ,EAST CHINA                    ,MC,US,48054
133,54073,1,19260118,"GREATER NIAGARA FRONTIER COUNCIL,         ","INC, BOY SCOUTS OF AMERICA                ",                                          ,                                          ,19920627,0,19950328,U ,ON,Y,NEW YORK                                ,REGISTERED/HEAD OFFICE ADDRESS,          ,401,MARYVALE DRIVE               ,                                          ,CHEEKTOWAGA                   ,NY,US,14225-2691
134,56099,1,18830430,THE YOUNG MENS CHRISTIAN ASSOCIATION      ,"OF CLEVELAND, OHIO                        ",                                          ,                                          ,18830430,E,19920627,U ,ON,Y,OHIO                                    ,REGISTERED/HEAD OFFICE ADDRESS,          ,        ,                             ,                                          ,                              ,  ,  ,          
135,64409,1,19451127,COOPERATIVE FOR AMERICAN RELIEF           ,"EVERYWHERE, INC.                          ",                                          ,                                          ,19541101,0,19980629,U ,ON,Y,DIST COLUMBIA                           ,REGISTERED/HEAD OFFICE ADDRESS,          ,110,YONGE ST.                    ,                                          ,TORONTO                       ,ON,CA,M5C 1T5   
136,460097,1,19391214,"BIOLOGICAL PHOTOGRAPHIC ASSOCIATION, INC. ",                                          ,                                          ,                                          ,19391214,K,19980812,U ,ON,Y,NEW YORK                                ,REGISTERED/HEAD OFFICE ADDRESS,APT #1401 ,330,DIXON RD.                    ,                                          ,WESTON                        ,ON,CA,M9R 1S9   
137,465941,1,19801211,BEAVERSTONE BAY ISLAND ASSOCIATION        ,                                          ,                                          ,                                          ,19801211,0,19950306,U ,ON,Y,OHIO                                    ,REGISTERED/HEAD OFFICE ADDRESS,1100,925,EUCLID AVE                   ,                                          ,CLEVELAND                     ,OH,US,44115-1475
138,471698,1,19450709,PROVINCE OF THE MOST SACRED HEART OF      ,"JESUS, THIRD ORDER REGULAR OF ST. FRANCIS ",                                          ,                                          ,19450709,E,19950119,U ,ON,Y,PENNSYLVANIA                            ,REGISTERED/HEAD OFFICE ADDRESS,          ,142,SPADINA ROAD                 ,                                          ,TORONTO                       ,ON,CA,M5R 2T8   
139,486336,1,18990429,SONS OF NORWAY                            ,                                          ,                                          ,                                          ,18981028,0,20051213,U ,ON,Y,MINNESOTA                               ,REGISTERED/HEAD OFFICE ADDRESS,          ,1455,WEST LAKE STREET             ,                                          ,MINNEAPOLIS                   ,MI,US,55408
140,492296,1,19801113,CHRISTLICHE BLINDENMISSION INTERNATIONAL  ,                                          ,                                          ,                                          ,19801113,K,19980812,U ,ON,Y,SWITZERLAND                             ,REGISTERED/HEAD OFFICE ADDRESS,2212,401,BAY ST.                      ,                                          ,TORONTO                       ,ON,CA,M5H 2Y4   
141,122612,1,19620330,THE ST. CATHARINES TRANSIT COMMISSION     ,                                          ,                                          ,                                          ,19620330,0,19920627,W ,ON,N,ONTARIO                                 ,REGISTERED/HEAD OFFICE ADDRESS,          ,        ,                             ,                                          ,ST. CATHARINES                ,ON,CA,L2R 6R3   
142,127203,1,19621219,AGRICULTURAL REHABILITATION AND           ,DEVELOPMENT DIRECTORATE OF ONTARIO        ,                                          ,                                          ,19621219,C,20080820,W ,ON,N,ONTARIO                                 ,REGISTERED/HEAD OFFICE ADDRESS,          ,20,PORTREE CRES                 ,                                          ,THORNHILL                     ,ON,CA,L3T 3G2   
143,134481,1,19640508,THE SHERIDAN PARK CORPORATION             ,                                          ,                                          ,                                          ,19640508,0,19920627,W ,ON,N,ONTARIO                                 ,REGISTERED/HEAD OFFICE ADDRESS,          ,950,YONGE ST                     ,                                          ,TORONTO                       ,ON,CA,M4W 2J4   
144,140489,1,19650513,WESTERN ONTARIO INSTITUTE OF              ,TECHNOLOGY CENTRE                         ,                                          ,                                          ,19650513,0,19920627,W ,ON,N,ONTARIO                                 ,REGISTERED/HEAD OFFICE ADDRESS,          ,2000,TALBOT RD. W.                ,                                          ,WINDSOR                       ,ON,CA,N9A 6S4   
145,155202,1,19660922,THE CROP INSURANCE COMMISSION OF ONTARIO  ,                                          ,                                          ,                                          ,19660922,0,19930907,W ,ON,N,ONTARIO                                 ,REGISTERED/HEAD OFFICE ADDRESS,          ,801,BAY ST.                      ,11TH FLOOR                                ,TORONTO                       ,ON,CA,M7A 1A3   
146,492152,1,19640401,THE DISTRICT OF SUDBURY WELFARE           ,ADMINISTRATION BOARD                      ,                                          ,                                          ,19640401,0,19920627,W ,ON,N,ONTARIO                                 ,REGISTERED/HEAD OFFICE ADDRESS,          ,        ,                             ,BOX 190                                   ,SUDBURY                       ,ON,CA,P3E 4N5   
147,525391,1,19740101,HALTON HILLS PUBLIC LIBARIES BOARD        ,                                          ,                                          ,                                          ,19740101,0,19920627,W ,ON,N,ONTARIO                                 ,REGISTERED/HEAD OFFICE ADDRESS,          ,9,CHURCH ST.                   ,                                          ,GEORGETOWN                    ,ON,CA,L7G 2A3   
148,525393,1,11111111,MILTON PUBLIC LIBRARY BOARD               ,                                          ,                                          ,                                          ,11111111,0,19920627,W ,ON,N,ONTARIO                                 ,REGISTERED/HEAD OFFICE ADDRESS,          ,45,BRUCE ST.                    ,                                          ,MILTON                        ,ON,CA,L9T 2L5   
149,525394,1,19111111,OAKVILLE PUBLIC LIBRARY BOARD             ,                                          ,                                          ,                                          ,19111111,0,19920627,W ,ON,N,ONTARIO                                 ,REGISTERED/HEAD OFFICE ADDRESS,          ,120,NAVY ST.                     ,                                          ,OAKVILLE                      ,ON,CA,L6J 2Z4   
150,525825,1,19160101,THE HYDRO ELECTRIC COMMISSION OF THE CITY ,OF OTTAWA                                 ,                                          ,                                          ,19160101,0,19920627,W ,ON,N,ONTARIO                                 ,REGISTERED/HEAD OFFICE ADDRESS,          ,        ,                             ,P.O. BOX 8700                             ,OTTAWA                        ,ON,CA,K1G 3S4   
151,26186,1,18490530,LA CORPORATION DES SOEURS DE              ,SAINTE-CROIX ET DES SEPT DOULEURS         ,                                          ,                                          ,18490530,0,19950725,X ,ON,Y,QUEBEC                                  ,REGISTERED/HEAD OFFICE ADDRESS,          ,905,BASILE-MOREAU                ,                                          ,MONTREAL                      ,PQ,CA,H4L 4A1   
152,26753,1,18410918,LA COMMUNAUTE DES SOEURS                  ,DE CHARITE DE LA PROVIDENCE               ,                                          ,                                          ,18410918,0,19950227,X ,ON,Y,QUEBEC                                  ,REGISTERED/HEAD OFFICE ADDRESS,          ,5655,DE SALABERRY                 ,                                          ,MONTREAL                      ,PQ,CA,H4J 2J5   
153,31948,1,18450317,LA COMMUNAUTE DES SOEURS DES SAINTS       ,NOMS DE JESUS ET MARIE                    ,                                          ,                                          ,18450317,0,19920627,X ,ON,Y,QUEBEC                                  ,REGISTERED/HEAD OFFICE ADDRESS,          ,3385,ACADEMY DR.                  ,                                          ,WINDSOR                       ,ON,CA,N9E 2H7   
154,36771,1,19270414,THE PRESIDENT OF THE LETHBRIDGE STAKE     ,                                          ,                                          ,                                          ,19270414,F,20140613,X ,ON,Y,ALBERTA                                 ,REGISTERED/HEAD OFFICE ADDRESS,900,400,4TH AVENUE SOUTH             ,                                          ,LETHBRIDGE                    ,AB,CA,T1K 4E1   
155,36925,1,18450317,LES SOEURS DE LA CONGREGATION DE          ,NOTRE-DAME                                ,                                          ,                                          ,18450317,0,19950404,X ,ON,Y,QUEBEC                                  ,REGISTERED/HEAD OFFICE ADDRESS,          ,2330,SHERBROOKE OUEST             ,                                          ,MONTREAL                      ,PQ,CA,H3H 1G8   
156,499038,1,19750721,THE DEAF CANADIAN READERS' ASSOCIATION    ,                                          ,                                          ,                                          ,19750721,0,19930728,X ,ON,Y,ALBERTA                                 ,REGISTERED/HEAD OFFICE ADDRESS,4715,107,STREET NW                    ,                                          ,EDMONTON                      ,AB,CA,T6H 2W8   
157,499050,1,19581126,MANITOBA TRUCKING ASSOCIATION             ,                                          ,                                          ,                                          ,19581126,0,19950222,X ,ON,Y,MANITOBA                                ,REGISTERED/HEAD OFFICE ADDRESS,          ,25,BUNTING STREET               ,                                          ,WINNIPEG                      ,MB,CA,R2X 2P5   
158,503917,1,19800512,ALBERTA DENTURIST SOCIETY                 ,                                          ,                                          ,                                          ,19940906,E,19940906,X ,ON,Y,ALBERTA                                 ,REGISTERED/HEAD OFFICE ADDRESS,201,2,ATHABASCAN AVENUE            ,                                          ,SHERWOOD PARK                 ,AB,CA,T8A 4E3   
159,507048,1,19670523,LE GROUPE DE LA PLACE ROYALE              ,                                          ,                                          ,                                          ,19670523,0,19920627,X ,ON,Y,QUEBEC                                  ,REGISTERED/HEAD OFFICE ADDRESS,          ,130,SPARKS ST                    ,                                          ,OTTAWA                        ,ON,CA,K1P 5B6   
160,507908,1,19810901,THE ROMAN CATHOLIC GREEK-MELCHITE BISHOP  ,IN CANADA                                 ,L'EVEQUE GREC-MELKITE CATHOLIQUE ROMAIN   ,DU CANADA                                 ,19850607,0,19950123,X ,ON,Y,QUEBEC                                  ,REGISTERED/HEAD OFFICE ADDRESS,          ,34,MAPLEWOOD                    ,                                          ,OUTREMONT                     ,PQ,CA,H2V 2M1   
161,8387,1,19060629,UNIROYAL CHEMICAL LTD./                   ,UNIROYAL CHEMICAL LTEE                    ,                                          ,                                          ,19870731,E,19971212,Y ,ON,Y,NOVA SCOTIA                             ,REGISTERED/HEAD OFFICE ADDRESS,          ,25,ERB STREET                   ,                                          ,ELMIRA                        ,ON,CA,N3B 3A3   
162,11781,1,19131002,RICHARDSON TERMINALS LIMITED              ,                                          ,                                          ,                                          ,19650513,E,20020829,Y ,ON,Y,MANITOBA                                ,REGISTERED/HEAD OFFICE ADDRESS,2800,1,LOMBARD PLACE                ,                                          ,WINNIPEG                      ,MB,CA,R3B 0X8   
163,12793,1,19030511,"RYAN AGENCY, LIMITED                      ",                                          ,                                          ,                                          ,19030511,0,19920627,Y ,ON,Y,MANITOBA                                ,REGISTERED/HEAD OFFICE ADDRESS,          ,55,DONALD ST.                   ,                                          ,WINNIPEG                      ,MB,CA,R3C 1L8   
164,14605,1,19170817,SIMCOE PRESS LIMITED                      ,                                          ,                                          ,                                          ,19570605,0,19930630,Y ,ON,Y,ALBERTA                                 ,REGISTERED/HEAD OFFICE ADDRESS,          ,226,KING STREET                  ,P.O. BOX 518                              ,MIDLAND                       ,ON,CA,L4R 4L3   
165,15042,1,19161222,CANADIAN INTERNATIONAL PAPER COMPANY      ,                                          ,                                          ,                                          ,19161222,F,19920627,Y ,ON,Y,QUEBEC                                  ,REGISTERED/HEAD OFFICE ADDRESS,          ,        ,                             ,                                          ,                              ,  ,  ,          
166,546593,1,19830407,"CENTRAL-MCKINLAY INTERNATIONAL, LTD.      ",                                          ,                                          ,                                          ,19970129,F,20110621,Y ,ON,Y,ALBERTA                                 ,REGISTERED/HEAD OFFICE ADDRESS,          ,8420,HIGHWAY 25                   ,                                          ,MILTON                        ,ON,CA,L9T 2X7   
167,547198,1,19830418,ADORIBEL HOLDINGS ULC                     ,                                          ,                                          ,                                          ,20080729,E,20080729,Y ,ON,Y,ALBERTA                                 ,REGISTERED/HEAD OFFICE ADDRESS,616,3800,YONGE STREET                 ,                                          ,NORTH YORK                    ,ON,CA,M4N 2N6   
168,547884,1,19830427,MACLEAN HUNTER LIMITED                    ,                                          ,                                          ,                                          ,19830427,X,20000210,Y ,ON,Y,NOVA SCOTIA                             ,REGISTERED/HEAD OFFICE ADDRESS,          ,777,BAY STREET                   ,                                          ,TORONTO                       ,ON,CA,M5W 1A7   
169,547903,1,19830427,POLARIS REFRIGERATION SERVICES LTD.       ,                                          ,                                          ,                                          ,19830506,E,20000215,Y ,ON,Y,PR EDWARD IS                            ,REGISTERED/HEAD OFFICE ADDRESS,          ,331,CENTRE STREET N.             ,                                          ,"WHITBY,                       ",ON,CA,L1N 4T3   
170,547913,1,19830430,MARLEY CANADIAN ULC                       ,                                          ,                                          ,                                          ,20180301,0,20180301,Y ,ON,Y,BR COLUMBIA                             ,REGISTERED/HEAD OFFICE ADDRESS,2900,550,BURRARD STREET               ,                                          ,VANCOUVER                     ,BC,CA,V6C 0A3   
171,94429,1,18790701,COLLEGE OF VETERINARIANS OF ONTARIO       ,                                          ,                                          ,                                          ,19891206,0,0,Z ,ON,N,ONTARIO                                 ,REGISTERED/HEAD OFFICE ADDRESS,          ,        ,                             ,                                          ,                              ,  ,  ,          
172,104022,1,19600101,NORTHERN TELEPHONE LIMITED                ,                                          ,                                          ,                                          ,19600101,F,20010601,Z ,ON,N,ONTARIO                                 ,REGISTERED/HEAD OFFICE ADDRESS,          ,        ,                             ,BOX H                                     ,NEW LISKEARD                  ,ON,CA,P0J 1P0   
173,132101,1,19620723,ABN AMRO BANK CANADA                      ,                                          ,                                          ,                                          ,19920627,0,19930802,Z ,ON,N,CANADA                                  ,REGISTERED/HEAD OFFICE ADDRESS,          ,370,GLENCAIRN AVE                ,                                          ,TORONTO                       ,ON,CA,M5N 1V1   
174,134479,1,19640508,ONTARIO HOUSING CORPORATION               ,                                          ,                                          ,                                          ,19640508,0,0,Z ,ON,N,ONTARIO                                 ,REGISTERED/HEAD OFFICE ADDRESS,          ,101,BLOOR ST. W.                 ,                                          ,TORONTO                       ,ON,CA,M5S 1P8   
175,135988,1,18960924,NORFOLK AND WESTERN RAILWAY COMPANY       ,                                          ,                                          ,                                          ,18960924,0,19920627,Z ,ON,N,VIRGINIA                                ,REGISTERED/HEAD OFFICE ADDRESS,          ,487,CHAMPAGNE DR.                ,                                          ,DOWNSVIEW                     ,ON,CA,M3J 2C6   
176,531163,1,19820527,BANK OF BOSTON CANADA                     ,                                          ,                                          ,                                          ,19820527,F,19950126,Z ,ON,N,CANADA                                  ,REGISTERED/HEAD OFFICE ADDRESS,          ,        ,                             ,"COMMERCE COURT, BOX 189                   ",TORONTO                       ,ON,CA,M5L 1K6   
177,531275,1,19820903,OVERSEAS UNION BANK OF SINGAPORE (CANADA) ,                                          ,                                          ,                                          ,19820903,0,19930910,Z ,ON,N,CANADA                                  ,REGISTERED/HEAD OFFICE ADDRESS,860,2,FIRST CANADIAN PL            ,BOX 423 EX TWR                            ,TORONTO                       ,ON,CA,M5X 1E3   
178,531294,1,19820204,BANCO CENTRAL OF CANADA                   ,                                          ,                                          ,                                          ,19820204,0,19920627,Z ,ON,N,CANADA                                  ,REGISTERED/HEAD OFFICE ADDRESS,          ,330,BAY ST.                      ,                                          ,TORONTO                       ,ON,CA,M5H 2S8   
179,531375,1,19820527,MEGA INTERNATIONAL COMMERCIAL BANK        ,(CANADA)                                  ,BANQUE INTERNATIONALE DE COMMERCE MEGA    ,(CANADA)                                  ,20070622,0,20070622,Z ,ON,N,CANADA                                  ,REGISTERED/HEAD OFFICE ADDRESS,1002,4950,YONGE STREET                 ,                                          ,TORONTO                       ,ON,CA,M2N 6K1   
180,535435,1,19820121,DAI-ICHI KANGYO BANK (CANADA)             ,BANQUE DAI-ICHI KANGYO (CANADA)           ,                                          ,                                          ,19820121,F,20010425,Z ,ON,N,CANADA                                  ,REGISTERED/HEAD OFFICE ADDRESS,          ,        ,COMMERCE CRT. W.             ,BOX 295                                   ,TORONTO                       ,ON,CA,M5L 1H9   